image_id,product_id,image_url,sort_order
2d51991e-2fa3-5ecc-bb81-101646d84c62,92697e4a-07c8-5e38-8c85-d93a737c3e15,https://res.cloudinary.com/dhw56qppe/image/upload/v1782492883/product-image/gato/suatuoi/gato-suatuoi%281%29.jpg,0
16508fe9-7778-5c5b-8296-d7f4af2f10dc,92697e4a-07c8-5e38-8c85-d93a737c3e15,https://res.cloudinary.com/dhw56qppe/image/upload/v1782492886/product-image/gato/suatuoi/gato-suatuoi%282%29.png,1
44dfa554-522f-597e-ba03-60ad1182caaf,92697e4a-07c8-5e38-8c85-d93a737c3e15,https://res.cloudinary.com/dhw56qppe/image/upload/v1782492887/product-image/gato/suatuoi/gato-suatuoi%283%29.jpg,2
3db668da-132f-558c-8d18-a4cf9cea267e,92697e4a-07c8-5e38-8c85-d93a737c3e15,https://res.cloudinary.com/dhw56qppe/image/upload/v1782492888/product-image/gato/suatuoi/gato-suatuoi%284%29.png,3
002f884e-ea53-510d-914a-385eeeaf9211,92697e4a-07c8-5e38-8c85-d93a737c3e15,https://res.cloudinary.com/dhw56qppe/image/upload/v1782492889/product-image/gato/suatuoi/gato-suatuoi%285%29.jpg,4
9d8dffdc-ee16-5f3e-a5fa-b239b886d7df,92697e4a-07c8-5e38-8c85-d93a737c3e15,https://res.cloudinary.com/dhw56qppe/image/upload/v1782492890/product-image/gato/suatuoi/gato-suatuoi%286%29.png,5
19c86470-d016-5fb4-a270-abba21451724,92697e4a-07c8-5e38-8c85-d93a737c3e15,https://res.cloudinary.com/dhw56qppe/image/upload/v1782492891/product-image/gato/suatuoi/gato-suatuoi%287%29.png,6
a1274c55-6ab5-522e-b388-ee110320a89c,92697e4a-07c8-5e38-8c85-d93a737c3e15,https://res.cloudinary.com/dhw56qppe/image/upload/v1782492892/product-image/gato/suatuoi/gato-suatuoi%288%29.png,7
0b988e5e-3368-5f97-bc29-51ff251bd50d,92697e4a-07c8-5e38-8c85-d93a737c3e15,https://res.cloudinary.com/dhw56qppe/image/upload/v1782492893/product-image/gato/suatuoi/gato-suatuoi%289%29.jpg,8
addf63ef-f4c7-57b1-8d45-d2fe3133a404,92697e4a-07c8-5e38-8c85-d93a737c3e15,https://res.cloudinary.com/dhw56qppe/image/upload/v1782492884/product-image/gato/suatuoi/gato-suatuoi%2810%29.png,9
c177d873-c183-5d71-90e5-0908c3ec2824,99e36f3c-6d04-59b0-9ad1-7a80203e5d16,https://res.cloudinary.com/dhw56qppe/image/upload/v1782492876/product-image/gato/socola/gato-socola%281%29.png,0
773a6cb2-3fd0-5d71-968f-25c183c0dd40,99e36f3c-6d04-59b0-9ad1-7a80203e5d16,https://res.cloudinary.com/dhw56qppe/image/upload/v1782492877/product-image/gato/socola/gato-socola%282%29.png,1
67d211db-23be-5432-b325-b7943f6900a9,99e36f3c-6d04-59b0-9ad1-7a80203e5d16,https://res.cloudinary.com/dhw56qppe/image/upload/v1782492878/product-image/gato/socolahatdieu/gato-socolahatdieu%281%29.png,2
b16fd966-2b2c-512b-8d4e-f8f903c6b917,99e36f3c-6d04-59b0-9ad1-7a80203e5d16,https://res.cloudinary.com/dhw56qppe/image/upload/v1782492879/product-image/gato/socolahatdieu/gato-socolahatdieu%282%29.png,3
751bb22a-4d2e-5a8b-a6a5-cd26425b14e8,7690844b-0ab7-5e65-88e3-8c90ac98f6e0,https://res.cloudinary.com/dhw56qppe/image/upload/v1782492865/product-image/gato/dualuoi/gato-dualuoi%281%29.png,0
9cdc468d-7062-5729-88c4-857ddb5c96d4,7690844b-0ab7-5e65-88e3-8c90ac98f6e0,https://res.cloudinary.com/dhw56qppe/image/upload/v1782492866/product-image/gato/dualuoi/gato-dualuoi%282%29.png,1
87e2148f-89d6-54a6-8e63-342981c5aad3,d0cd67de-90a2-53dc-852f-ff2198122cfc,https://res.cloudinary.com/dhw56qppe/image/upload/v1782492860/product-image/gato/bapphomai/gato-bapphomai%281%29.png,0
feb21515-f3ab-5f08-a97b-b862f6fb270b,d0cd67de-90a2-53dc-852f-ff2198122cfc,https://res.cloudinary.com/dhw56qppe/image/upload/v1782492861/product-image/gato/bapphomai/gato-bapphomai%282%29.png,1
9cff112d-16a2-5847-83b0-bf316033e036,d0cd67de-90a2-53dc-852f-ff2198122cfc,https://res.cloudinary.com/dhw56qppe/image/upload/v1782492862/product-image/gato/bapphomai/gato-bapphomai%283%29.jpg,2
16635b6a-3d63-5a15-a58f-2a006e52712e,f833fbf3-bf58-544d-b6a1-549f9f0bcd81,https://res.cloudinary.com/dhw56qppe/image/upload/v1782492871/product-image/gato/oreo/gato-oreo%281%29.png,0
c42a0097-c8dd-5509-8b28-8608cc42f51c,f833fbf3-bf58-544d-b6a1-549f9f0bcd81,https://res.cloudinary.com/dhw56qppe/image/upload/v1782492871/product-image/gato/oreo/gato-oreo%282%29.png,1
5cac13f3-9b77-5822-93dc-f5890d0b7479,f833fbf3-bf58-544d-b6a1-549f9f0bcd81,https://res.cloudinary.com/dhw56qppe/image/upload/v1782492872/product-image/gato/oreo/gato-oreo%283%29.jpg,2
ae01bbc8-7571-5efb-aaab-af76529d922a,ebd6074f-addc-5c79-81a1-42ed0a1418a8,https://res.cloudinary.com/dhw56qppe/image/upload/v1782492873/product-image/gato/redvelvet/gato-redvelvet%281%29.png,0
33a82fb9-9032-5ba7-ae10-db9c109c37dd,ebd6074f-addc-5c79-81a1-42ed0a1418a8,https://res.cloudinary.com/dhw56qppe/image/upload/v1782492874/product-image/gato/redvelvet/gato-redvelvet%282%29.png,1
6a2af474-72e0-5c9a-bfaa-db85893a2802,ebd6074f-addc-5c79-81a1-42ed0a1418a8,https://res.cloudinary.com/dhw56qppe/image/upload/v1782492875/product-image/gato/redvelvet/gato-redvelvet%283%29.jpg,2
8ff287e5-fd84-5f1e-97db-44e60a1d24bb,36e1a8ea-6b51-5993-8ba5-3a184f5b9374,https://res.cloudinary.com/dhw56qppe/image/upload/v1782492862/product-image/gato/blackvelvet/gato-blackvelvet%281%29.png.png,0
58ec8982-08d3-5dc7-89af-64f825d9a531,36e1a8ea-6b51-5993-8ba5-3a184f5b9374,https://res.cloudinary.com/dhw56qppe/image/upload/v1782492864/product-image/gato/blackvelvet/gato-blackvelvet%282%29.jpg,1
e87847bd-711a-5530-9635-49cbeedca7d6,49c1643c-4f7f-5c7c-aa36-01fcab9c8d49,https://res.cloudinary.com/dhw56qppe/image/upload/v1782492878/product-image/gato/socolahatdieu/gato-socolahatdieu%281%29.png,0
4c02031b-dbfa-550a-b0ad-0ded64013210,49c1643c-4f7f-5c7c-aa36-01fcab9c8d49,https://res.cloudinary.com/dhw56qppe/image/upload/v1782492879/product-image/gato/socolahatdieu/gato-socolahatdieu%282%29.png,1
416c4be1-2b6d-5c39-88b6-dca083612a69,ba0deb71-2819-5fe7-8b7c-04b6d693bab0,https://res.cloudinary.com/dhw56qppe/image/upload/v1782492867/product-image/gato/matcha/gato-matcha%281%29.png,0
6d005219-f7e2-5c58-95f1-89be166595fe,ba0deb71-2819-5fe7-8b7c-04b6d693bab0,https://res.cloudinary.com/dhw56qppe/image/upload/v1782492868/product-image/gato/matcha/gato-matcha%282%29.png,1
e7083973-bb8b-55b0-9b4b-8bf56490ad98,ba0deb71-2819-5fe7-8b7c-04b6d693bab0,https://res.cloudinary.com/dhw56qppe/image/upload/v1782492869/product-image/gato/matcha/gato-matcha%283%29.png,2
60f776f7-89d1-5886-bc1f-f21205b7b67d,ba0deb71-2819-5fe7-8b7c-04b6d693bab0,https://res.cloudinary.com/dhw56qppe/image/upload/v1782492870/product-image/gato/matcha/gato-matcha%284%29.jpg,3
ce110e11-7958-5a3e-a372-73831b8b7d13,6c9c16ac-84ee-5d24-b9b7-93a8cff0ac22,https://res.cloudinary.com/dhw56qppe/image/upload/v1782492850/product-image/entremet/Entremet_s12_MidnightSalt.png,0
5836ddab-0eda-5d9d-9131-823a41e044ed,6c9c16ac-84ee-5d24-b9b7-93a8cff0ac22,https://res.cloudinary.com/dhw56qppe/image/upload/v1782492858/product-image/entremet/Entremet_s16_v1_MidnightSalt.png,1
e7bca22d-ec74-5def-b578-d8d29fa75dd2,6c9c16ac-84ee-5d24-b9b7-93a8cff0ac22,https://res.cloudinary.com/dhw56qppe/image/upload/v1782492859/product-image/entremet/Entremet_s16_v2_MidnightSalt.png,2
22086a3f-5a63-5be1-98f7-c0055bb2f485,fd824b97-76d8-5409-b3af-45924860887c,https://res.cloudinary.com/dhw56qppe/image/upload/v1782492845/product-image/entremet/Entremet_s12_BerryBlush.png,0
962b8b16-3f3d-5796-8309-866eda5e7ef6,fd824b97-76d8-5409-b3af-45924860887c,https://res.cloudinary.com/dhw56qppe/image/upload/v1782492854/product-image/entremet/Entremet_s16_BerryBlush.png,1
0287fe3d-c45e-5e1e-9c99-802685190fc5,7fd3ba97-c942-52ff-b97c-1481e8cd9ffe,https://res.cloudinary.com/dhw56qppe/image/upload/v1782492848/product-image/entremet/Entremet_s12_GoldenTropic.png,0
e8c20cac-b7ba-5db2-9284-66337d01bfc6,7fd3ba97-c942-52ff-b97c-1481e8cd9ffe,https://res.cloudinary.com/dhw56qppe/image/upload/v1782492856/product-image/entremet/Entremet_s16_GoldenTropic.png,1
814be432-3625-5350-b1c7-266aeba523e4,37d35a0e-3ac5-55c7-9eb5-347de3abda91,https://res.cloudinary.com/dhw56qppe/image/upload/v1782492844/product-image/entremet/Entremet_s12_BanoffeeVelvet.png,0
8707bc08-2681-55d4-b082-db0931f10109,37d35a0e-3ac5-55c7-9eb5-347de3abda91,https://res.cloudinary.com/dhw56qppe/image/upload/v1782492853/product-image/entremet/Entremet_s16_BanoffeeVelvet.png,1
c1b422c3-b742-559b-b107-c449891d3c7d,1114509d-70fe-5600-a261-e7e105d5f9e2,https://res.cloudinary.com/dhw56qppe/image/upload/v1782492851/product-image/entremet/Entremet_s12_OolongPeach.png,0
fca18aa6-51a7-5fb7-bdaa-76ffd1ddce61,1114509d-70fe-5600-a261-e7e105d5f9e2,https://res.cloudinary.com/dhw56qppe/image/upload/v1782492857/product-image/entremet/Entremet_s16_OolongPeach.png,1
3e755217-be2e-5abc-a216-ca581097edf8,bf113453-758d-559e-ac4e-faf50caa8cfa,https://res.cloudinary.com/dhw56qppe/image/upload/v1782492843/product-image/entremet/Entremet_s12_AvocadoCloud.png,0
2fd6020e-a9f9-593e-b3ed-d7f3c3fcecc1,bf113453-758d-559e-ac4e-faf50caa8cfa,https://res.cloudinary.com/dhw56qppe/image/upload/v1782492852/product-image/entremet/Entremet_s16_AvocadoCloud.png,1
e976f7ce-d233-54dd-8d42-c029ada206cf,001c8b28-7c4e-5017-9f39-7b58f1d3d858,https://res.cloudinary.com/dhw56qppe/image/upload/v1782492849/product-image/entremet/Entremet_s12_MatchaHaze.png,0
1261e1fe-88bc-584e-a96e-f76667227e1e,001c8b28-7c4e-5017-9f39-7b58f1d3d858,https://res.cloudinary.com/dhw56qppe/image/upload/v1782492856/product-image/entremet/Entremet_s16_MatchaHaze.png,1
a214d059-080a-5e82-b222-d5a0db879234,4d6e1898-6341-5a06-95d5-b8cdd8453099,https://res.cloudinary.com/dhw56qppe/image/upload/v1782492847/product-image/entremet/Entremet_s12_BlueberryBloom.png,0
4ddb8c6a-e8e7-5b80-a723-bcca518094c9,4d6e1898-6341-5a06-95d5-b8cdd8453099,https://res.cloudinary.com/dhw56qppe/image/upload/v1782492855/product-image/entremet/Entremet_s16_BlueberryBloom.png,1
53b9d6e9-0e88-5567-b307-bec7fff4fa06,7a395945-b0cb-559d-b4f5-57cd1bf4e3bb,https://res.cloudinary.com/dhw56qppe/image/upload/v1782492927/product-image/mousse/Mousse_StrawberryDream.png,0
07450077-8550-56cd-9047-09cb1d207b66,7a395945-b0cb-559d-b4f5-57cd1bf4e3bb,https://res.cloudinary.com/dhw56qppe/image/upload/v1782492929/product-image/mousse/Mousse_StrawberryDream_cut.png,1
de03dd4e-a534-5e28-8f53-2c9b4baf1766,99310382-f961-57ed-8d52-e2dc08c37ba9,https://res.cloudinary.com/dhw56qppe/image/upload/v1782492922/product-image/mousse/Mousse_MatchaBloom_cut.png,0
c99e7573-dc0b-58fc-bb8f-5f948718203a,c46958de-acd4-5951-a1f3-ad13cbd9400a,https://res.cloudinary.com/dhw56qppe/image/upload/v1782492911/product-image/mousse/Mousse_BlueberryBliss.png,0
edf99ae3-2f8f-5a0f-81ec-c38c86f1f8ad,c46958de-acd4-5951-a1f3-ad13cbd9400a,https://res.cloudinary.com/dhw56qppe/image/upload/v1782492912/product-image/mousse/Mousse_BlueberryBliss_cut.png,1
bc5e6f8c-3b95-5ea5-8088-3884bc56a796,47b73c21-7e3d-5a33-8edf-55f3b5ed8bcd,https://res.cloudinary.com/dhw56qppe/image/upload/v1782492919/product-image/mousse/Mousse_MangoDelight.png,0
a1de8187-f3e3-57e4-b14c-bdcea9a6da31,47b73c21-7e3d-5a33-8edf-55f3b5ed8bcd,https://res.cloudinary.com/dhw56qppe/image/upload/v1782492920/product-image/mousse/Mousse_MangoDelight_cut.png,1
0d39f3a4-652c-5ece-b9c7-6b6dc772e527,6239e932-344c-5dc0-b461-f0e426a9a70a,https://res.cloudinary.com/dhw56qppe/image/upload/v1782492925/product-image/mousse/Mousse_MelonBreeze.png,0
a85a1630-7c32-5926-b810-247ab8fb13cf,6239e932-344c-5dc0-b461-f0e426a9a70a,https://res.cloudinary.com/dhw56qppe/image/upload/v1782492926/product-image/mousse/Mousse_MelonBreeze_cut.png,1
2cf4b2f9-12e4-52e7-8506-9b9428fcc31a,35d8ca52-87ee-546b-a3ff-39dec9154309,https://res.cloudinary.com/dhw56qppe/image/upload/v1782492916/product-image/mousse/Mousse_LycheeGarden.png,0
0a81daea-404e-5961-bc28-72ea3604fdaf,35d8ca52-87ee-546b-a3ff-39dec9154309,https://res.cloudinary.com/dhw56qppe/image/upload/v1782492918/product-image/mousse/Mousse_LycheeGarden_cut.png,1
b4451014-8f28-58fb-b1ff-97fc868cabdf,4d447a82-d8df-578b-94a1-208b06faebe2,https://res.cloudinary.com/dhw56qppe/image/upload/v1782492913/product-image/mousse/Mousse_DarkChocolate.png,0
da558b68-bbaf-59d8-93fc-0d6187f59c39,4d447a82-d8df-578b-94a1-208b06faebe2,https://res.cloudinary.com/dhw56qppe/image/upload/v1782492915/product-image/mousse/Mousse_DarkChocolate_cut.png,1
94576aba-8677-5740-8c86-1772d0bfe285,57cde399-accc-5fec-ac8e-88454f214a88,https://res.cloudinary.com/dhw56qppe/image/upload/v1782492701/product-image/banh-nuong/honey%20cake.png,0
cd40e901-8edc-51bb-a806-f3ebe72363f2,57cde399-accc-5fec-ac8e-88454f214a88,https://res.cloudinary.com/dhw56qppe/image/upload/v1782492843/product-image/banh-nuong/matcha%20honey%20cake.png,1
cdc5e176-3eb6-5c1a-b41a-9e7e9c3049e5,f496fc62-4810-5ea1-b640-fe021b7b3a46,https://res.cloudinary.com/dhw56qppe/image/upload/v1782492680/product-image/banh-nuong/banana%20chocolate%20cake%201.png,0
beb31927-00c9-55d6-aea0-1008ec68b8d5,f496fc62-4810-5ea1-b640-fe021b7b3a46,https://res.cloudinary.com/dhw56qppe/image/upload/v1782492683/product-image/banh-nuong/banana%20chocolate%20cake%202.png,1
032906d5-6b5f-5490-85b3-3d16b5aa1160,5c1de8ee-3212-5330-b919-e6c202f2b87e,https://res.cloudinary.com/dhw56qppe/image/upload/v1782492677/product-image/banh-nuong/banana%20almond%20cake.png,0
3ba77fa3-18ec-57b5-aec9-786349521eb0,e208c5a3-7cc2-5957-a47e-1f50c32a6c6f,https://res.cloudinary.com/dhw56qppe/image/upload/v1782492843/product-image/banh-nuong/matcha%20honey%20cake.png,0
81f8347b-3c30-557b-8f97-9e2eb6c9fe23,ba17e8fb-3d06-5887-abff-13da123301c5,https://res.cloudinary.com/dhw56qppe/image/upload/v1782492688/product-image/banh-nuong/croissant%201.png,0
aa03da36-c20d-53c2-89e8-2bccc381f494,d6da2ab8-9a99-519a-b7c4-2091867705e2,https://res.cloudinary.com/dhw56qppe/image/upload/v1782492694/product-image/banh-nuong/croissant%202.png,0
ccbea84a-97f4-5ac7-9df0-e1668771a8ad,eb8be35a-b812-533f-ae29-374cddbaad8f,https://res.cloudinary.com/dhw56qppe/image/upload/v1782492842/product-image/banh-nuong/honey%20croissant.png,0
267c5ece-6aa3-57b8-a3c6-4ede26ed9064,bc131109-b23a-5c4a-83ac-443740d12887,https://res.cloudinary.com/dhw56qppe/image/upload/v1782492901/product-image/mini-cakes/minicake-oreo%281%29.png,0
811382a1-0ad8-5303-8201-27501bd0b6e6,bc131109-b23a-5c4a-83ac-443740d12887,https://res.cloudinary.com/dhw56qppe/image/upload/v1782492902/product-image/mini-cakes/minicake-oreo%282%29.png,1
5ecb37a3-2b14-53ad-91e3-1377667df678,1e49946f-f3f5-59c3-8cf2-0db377fc6c1f,https://res.cloudinary.com/dhw56qppe/image/upload/v1782492899/product-image/mini-cakes/minicake-khoaimon%281%29.png,0
5d35815d-7b56-564a-9e3e-25766a753cb8,1e49946f-f3f5-59c3-8cf2-0db377fc6c1f,https://res.cloudinary.com/dhw56qppe/image/upload/v1782492900/product-image/mini-cakes/minicake-khoaimon%282%29.png,1
78ac02bd-efae-5e5f-b495-2ca021c8aa6a,b2b0d922-e56e-5266-aec9-14ff7f377656,https://res.cloudinary.com/dhw56qppe/image/upload/v1782492897/product-image/mini-cakes/minicake-dualuoi%281%29.png,0
f58407d5-ace5-5f3e-bd79-242bd987aadc,b2b0d922-e56e-5266-aec9-14ff7f377656,https://res.cloudinary.com/dhw56qppe/image/upload/v1782492898/product-image/mini-cakes/minicake-dualuoi%282%29.png,1
68ccc5cf-06ee-5ad4-b55d-26402afefd7c,3475825e-466e-5220-9ff6-13c8fbc83318,https://res.cloudinary.com/dhw56qppe/image/upload/v1782492894/product-image/mini-cakes/minicake-cafe%281%29.png,0
11d4e13c-3471-5650-bc74-4f12a6604ca8,3475825e-466e-5220-9ff6-13c8fbc83318,https://res.cloudinary.com/dhw56qppe/image/upload/v1782492896/product-image/mini-cakes/minicake-cafe%282%29.png,1
c4315d21-20b6-5846-9311-f1164a436040,e4bad133-da3f-58d3-a5ed-d77107972229,https://res.cloudinary.com/dhw56qppe/image/upload/v1782492903/product-image/mini-cakes/minicake-phomatsuachua%281%29.png,0
12f0c2c1-eefe-5a78-9c38-7dd5c4a43d2a,e4bad133-da3f-58d3-a5ed-d77107972229,https://res.cloudinary.com/dhw56qppe/image/upload/v1782492909/product-image/mini-cakes/minicake-phomatsuachua%282%29.png,1
758f94a6-8d46-5bb7-b5ed-83369602192e,6a18bde5-440f-5300-a224-25a7379511a1,https://res.cloudinary.com/dhw56qppe/image/upload/v1782492958/product-image/tiramisu/tiramisu-tiramisuclassic%281%29.png,0
4f826e3b-52a3-5134-b9ec-67c7051f6678,6a18bde5-440f-5300-a224-25a7379511a1,https://res.cloudinary.com/dhw56qppe/image/upload/v1782492960/product-image/tiramisu/tiramisu-tiramisuclassic%282%29.png,1
6fed018b-0da6-514f-91ca-202b9358fb79,147289ba-13e0-571e-97dc-bc4b5da0e260,https://res.cloudinary.com/dhw56qppe/image/upload/v1782492965/product-image/tiramisu/tiramisu-tiramisuthanhtra%281%29.png,0
57db74a3-4473-5660-a83a-7c609602fcdd,147289ba-13e0-571e-97dc-bc4b5da0e260,https://res.cloudinary.com/dhw56qppe/image/upload/v1782492966/product-image/tiramisu/tiramisu-tiramisuthanhtra%282%29.png,1
5a8987b7-cba5-5cba-b320-f753515ebec3,25b66dad-abd8-5629-bbca-57fd386f8514,https://res.cloudinary.com/dhw56qppe/image/upload/v1782492955/product-image/tiramisu/tiramisu-thanhnhan%281%29.png,0
e37fadc9-de5f-5dc5-bed6-4f00deeae64f,25b66dad-abd8-5629-bbca-57fd386f8514,https://res.cloudinary.com/dhw56qppe/image/upload/v1782492957/product-image/tiramisu/tiramisu-thanhnhan%282%29.png,1
3d858191-c4f6-569b-a1bd-705ea226ecc1,b6022ca8-867d-5ab8-b11e-172672120830,https://res.cloudinary.com/dhw56qppe/image/upload/v1782492961/product-image/tiramisu/tiramisu-tiramisumatcha%281%29.png,0
5b3976be-ede7-5e3f-bac2-098910fe8bf2,b6022ca8-867d-5ab8-b11e-172672120830,https://res.cloudinary.com/dhw56qppe/image/upload/v1782492963/product-image/tiramisu/tiramisu-tiramisumatcha%282%29.png,1
